{"cameraMode":{"drawMode":0,"name":"Shaded","section":"Shading Mode"},"sceneLighting":false,"audioPlay":false,"sceneViewState":{"m_AlwaysRefresh":false,"showFog":true,"showSkybox":false,"showFlares":true,"showImageEffects":true,"showParticleSystems":true,"showVisualEffectGraphs":true,"m_FxEnabled":false},"in2DMode":false,"pivot":{"x":-0.2620660066604614,"y":0.7473258972167969,"z":-6.213560104370117},"rotation":{"x":-0.018031718209385873,"y":0.9530415534973145,"z":-0.29670095443725588,"w":-0.05791992321610451},"size":8.947142601013184,"orthographic":false}