{"cameraMode":{"drawMode":0,"name":"Shaded","section":"Shading Mode"},"sceneLighting":false,"audioPlay":false,"sceneViewState":{"m_AlwaysRefresh":false,"showFog":true,"showSkybox":false,"showFlares":true,"showImageEffects":true,"showParticleSystems":true,"showVisualEffectGraphs":true,"m_FxEnabled":false},"in2DMode":false,"pivot":{"x":3.3583621978759767,"y":0.40248751640319826,"z":-3.2450315952301027},"rotation":{"x":-0.018031718209385873,"y":0.9530415534973145,"z":-0.29670095443725588,"w":-0.05791992321610451},"size":7.514729022979736,"orthographic":false}